<?xml version="1.0" encoding="utf-8" standalone="yes"?>
<rss version="2.0" xmlns:atom="http://www.w3.org/2005/Atom">
  <channel>
    <title>Categories on My Hugo Blog</title>
    <link>http://localhost:5000/categories/</link>
    <description>Recent content in Categories on My Hugo Blog</description>
    <generator>Hugo</generator>
    <language>en-us</language>
    <lastBuildDate>Sat, 20 Jan 2024 14:30:00 +0000</lastBuildDate>
    <atom:link href="http://localhost:5000/categories/index.xml" rel="self" type="application/rss+xml" />
    <item>
      <title>Tutorials</title>
      <link>http://localhost:5000/categories/tutorials/</link>
      <pubDate>Mon, 01 Jan 0001 00:00:00 +0000</pubDate>
      <guid>http://localhost:5000/categories/tutorials/</guid>
      <description></description>
    </item>
    <item>
      <title>General</title>
      <link>http://localhost:5000/categories/general/</link>
      <pubDate>Mon, 01 Jan 0001 00:00:00 +0000</pubDate>
      <guid>http://localhost:5000/categories/general/</guid>
      <description></description>
    </item>
  </channel>
</rss>
