<?xml version="1.0" encoding="utf-8" standalone="yes"?>
<rss version="2.0" xmlns:atom="http://www.w3.org/2005/Atom">
  <channel>
    <title>Tags on My Hugo Blog</title>
    <link>http://localhost:5000/tags/</link>
    <description>Recent content in Tags on My Hugo Blog</description>
    <generator>Hugo</generator>
    <language>en-us</language>
    <lastBuildDate>Sat, 20 Jan 2024 14:30:00 +0000</lastBuildDate>
    <atom:link href="http://localhost:5000/tags/index.xml" rel="self" type="application/rss+xml" />
    <item>
      <title>Hugo</title>
      <link>http://localhost:5000/tags/hugo/</link>
      <pubDate>Mon, 01 Jan 0001 00:00:00 +0000</pubDate>
      <guid>http://localhost:5000/tags/hugo/</guid>
      <description></description>
    </item>
    <item>
      <title>Papermod</title>
      <link>http://localhost:5000/tags/papermod/</link>
      <pubDate>Mon, 01 Jan 0001 00:00:00 +0000</pubDate>
      <guid>http://localhost:5000/tags/papermod/</guid>
      <description></description>
    </item>
    <item>
      <title>Static-Site</title>
      <link>http://localhost:5000/tags/static-site/</link>
      <pubDate>Mon, 01 Jan 0001 00:00:00 +0000</pubDate>
      <guid>http://localhost:5000/tags/static-site/</guid>
      <description></description>
    </item>
    <item>
      <title>Tutorial</title>
      <link>http://localhost:5000/tags/tutorial/</link>
      <pubDate>Mon, 01 Jan 0001 00:00:00 +0000</pubDate>
      <guid>http://localhost:5000/tags/tutorial/</guid>
      <description></description>
    </item>
    <item>
      <title>Blog</title>
      <link>http://localhost:5000/tags/blog/</link>
      <pubDate>Mon, 01 Jan 0001 00:00:00 +0000</pubDate>
      <guid>http://localhost:5000/tags/blog/</guid>
      <description></description>
    </item>
    <item>
      <title>Welcome</title>
      <link>http://localhost:5000/tags/welcome/</link>
      <pubDate>Mon, 01 Jan 0001 00:00:00 +0000</pubDate>
      <guid>http://localhost:5000/tags/welcome/</guid>
      <description></description>
    </item>
  </channel>
</rss>
