<?xml version="1.0" encoding="utf-8" standalone="yes"?>
<rss version="2.0" xmlns:atom="http://www.w3.org/2005/Atom">
  <channel>
    <title>My Hugo Blog</title>
    <link>http://localhost:5000/</link>
    <description>Recent content on My Hugo Blog</description>
    <generator>Hugo</generator>
    <language>en-us</language>
    <lastBuildDate>Sat, 20 Jan 2024 14:30:00 +0000</lastBuildDate>
    <atom:link href="http://localhost:5000/index.xml" rel="self" type="application/rss+xml" />
    <item>
      <title>Setting Up Hugo with PaperMod Theme</title>
      <link>http://localhost:5000/posts/second-post/</link>
      <pubDate>Sat, 20 Jan 2024 14:30:00 +0000</pubDate>
      <guid>http://localhost:5000/posts/second-post/</guid>
      <description>Setting Up Hugo with PaperMod Theme In this post, I&amp;rsquo;ll walk you through the process of setting up a Hugo blog with the PaperMod theme, just like this one you&amp;rsquo;re reading now.&#xA;Prerequisites Before we start, make sure you have:&#xA;Git installed on your system A GitHub account Basic knowledge of command line operations Step 1: Install Hugo First, you&amp;rsquo;ll need to install Hugo. The installation process varies by operating system:</description>
    </item>
    <item>
      <title>Welcome to My Hugo Blog</title>
      <link>http://localhost:5000/posts/welcome/</link>
      <pubDate>Mon, 15 Jan 2024 10:00:00 +0000</pubDate>
      <guid>http://localhost:5000/posts/welcome/</guid>
      <description>Welcome to My Hugo Blog! Hello and welcome to my new blog! I&amp;rsquo;m excited to share my thoughts, experiences, and knowledge with you through this platform built with Hugo and the beautiful PaperMod theme.&#xA;What You Can Expect On this blog, you&amp;rsquo;ll find:&#xA;Technical tutorials and programming tips Personal insights on software development Project showcases and code examples Industry trends and technology discussions Why Hugo? I chose Hugo as my static site generator for several reasons:</description>
    </item>
  </channel>
</rss>
